{"reported_messages": {"Hi are you looking for a sexy cool woman to spend time ,with well I,m lookin for a gentleman who still khowns how to treat a lady, I am here to u.http . G.lovendate.pw code: 605": {"vector": [0.036444776964965224, 0.1042397390978705, -0.007902945917353259, -0.013644363749064187, 0.1405709634230503, -0.020469047417602172, -0.054586167057273476, -0.027151349645387148, -0.07451998231531712, 0.02447551113643712, -0.041222520286108136, 0.05280093376139145, -0.08036731923188098, -0.011415593801519894, 0.1333931513172657, 0.031026142476324653, 0.00314872191799856, 0.08205012849569922, -0.06797930310923501, -0.08432937576347692, -0.051667892949856256, 0.09710937069928367, 0.0937348187455667, 0.08971068997032636, 0.08654997034622311, -0.3885857388001333, -0.18410649582656594, 0.028945429804908558, 0.10737470947004273, -0.11259364799268891, 0.7677821547464526, 0.07085884783553696, -0.052125899865299016, 0.07556479170004508, 0.051298808886229265, -0.054506462990864396, 0.0651169521902177, 0.052128557896085316, 0.051394279985791436, -0.09024880381245873, 0.01502124788260238, 0.003828358750885825, 0.031877629757294815, 0.05118483789533176, 0.03913357557582108, 0.023346347496813996, -0.01993427571046548, -0.09838896065692931, 0.05096231028121061, 0.13388866377135886], "reports": 2}, "I offer you an exchange, you free register on my site http:\\/\\/rachelmel.pro\\nConfirmation email and show me the screenshot. \\nAfter that I\\'ll send you my nude pics": {"vector": [0.057257631665437146, 0.09110125358017303, 0.06682124439675476, -0.0183753578476495, 0.09693848727845587, -0.06371525736214037, -0.11450952216453418, -0.11015227394270703, 0.03469412600952313, 0.04323432621002688, -0.04450008493431528, 0.06494891668431811, 0.026342507071748397, -0.009913760533379978, 0.1658602271367036, 0.049054414384021076, -0.07806009706618112, -0.0487740972515441, 0.023069238080156484, -0.12771076696085615, 0.03545446131006195, 0.08323370378970876, 0.0769643036359522, 0.08136626392645022, 0.09090709822454644, -0.32110686991724646, -0.1177055153479863, 0.036750819048119866, 0.09361260441673554, -0.18278589524437533, 0.7529589800575659, 0.07599335189197994, -0.14228692285464997, -0.0788752178029685, -0.07140321656205074, 0.05027952176128076, 0.08337081349112467, -0.022872151215089325, 0.013612941813779011, -0.12332109610645313, 0.16408906184691097, -0.0063147036949831314, -0.04375684536205992, 0.12595443110245846, 0.009206632346173653, -0.05055850162547333, 0.07687306608562286, -0.007334410706601972, 0.06989104034137456, 0.04716757711040371], "reports": 4}}}